{"cameraMode":{"drawMode":0,"name":"Shaded","section":"Shading Mode"},"sceneLighting":true,"audioPlay":false,"sceneViewState":{"showFog":true,"showMaterialUpdate":true,"showSkybox":true,"showFlares":true,"showImageEffects":true,"showParticleSystems":true},"in2DMode":false,"pivot":{"x":624.7095336914063,"y":-308.2796936035156,"z":-222.1297149658203},"rotation":{"x":-0.11640414595603943,"y":-0.8078436255455017,"z":0.17121422290802003,"w":-0.5521390438079834},"size":406.537353515625,"orthographic":false}